User ID,Gender,age,EstimatedSalary,Purchased
15624510,Male,24,19000,0
15810944,Male,21,20000,0
15668575,Female,21,43000,0
15603246,Female,24,57000,0
15804002,Male,19,76000,0
15728773,Male,32,58000,0
15598044,Female,38,84000,0
15694829,Female,49,150000,1
15600575,Male,39,33000,0
15727311,Female,21,65000,0
15570769,Female,32,80000,0
15606274,Female,32,52000,0
15746139,Male,22,86000,0
15704987,Male,26,18000,0
15628972,Male,25,82000,0
15697686,Male,19,80000,0
15733883,Male,45,25000,1
15617482,Male,59,26000,1
15704583,Male,38,28000,1
15621083,Female,51,29000,1
15649487,Male,43,22000,1
15736760,Female,42,49000,1
15714658,Male,57,41000,1
15599081,Female,60,22000,1
15705113,Male,41,23000,1
15631159,Male,51,20000,1
15792818,Male,41,28000,1
15633531,Female,38,30000,1
15744529,Male,40,43000,0
15669656,Male,17,18000,0
15581198,Male,26,74000,0
15729054,Female,49,137000,1
15573452,Female,17,16000,0
15776733,Female,34,44000,0
15724858,Male,40,90000,0
15713144,Male,44,27000,0
15690188,Female,41,28000,0
15689425,Male,24,49000,0
15671766,Female,21,72000,0
15782806,Female,27,31000,0
15764419,Female,19,17000,0
15591915,Female,35,51000,0
15772798,Male,18,108000,0
15792008,Male,28,15000,0
15715541,Female,24,84000,0
15639277,Male,41,20000,0
15798850,Male,31,79000,0
15776348,Female,43,54000,0
15727696,Male,48,135000,1
15793813,Female,22,89000,0
15694395,Female,26,32000,0
15764195,Female,18,44000,0
15744919,Female,25,83000,0
15671655,Female,33,23000,0
15654901,Female,27,58000,0
15649136,Female,20,55000,0
15775562,Female,44,48000,0
15807481,Male,42,79000,0
15642885,Male,36,18000,0
15789109,Female,30,117000,0
15814004,Male,28,20000,0
15673619,Male,32,87000,0
15595135,Female,38,66000,0
15583681,Male,57,120000,1
15605000,Female,29,83000,0
15718071,Male,34,58000,0
15679760,Male,29,19000,0
15654574,Female,22,82000,0
15577178,Female,33,63000,0
15595324,Female,26,68000,0
15756932,Male,21,80000,0
15726358,Female,39,27000,0
15595228,Female,42,23000,0
15782530,Female,32,113000,0
15592877,Male,26,18000,0
15651983,Male,40,112000,1
15746737,Male,43,52000,0
15774179,Female,43,27000,0
15667265,Female,23,87000,0
15655123,Female,36,17000,0
15595917,Male,33,80000,0
15668385,Male,24,42000,0
15709476,Male,35,49000,0
15711218,Male,29,88000,0
15798659,Female,25,62000,0
15663939,Female,53,118000,1
15694946,Male,31,55000,0
15631912,Female,37,85000,0
15768816,Male,30,81000,0
15682268,Male,43,50000,0
15684801,Male,24,81000,0
15636428,Female,33,116000,0
15809823,Male,20,15000,0
15699284,Female,22,28000,0
15786993,Female,37,83000,0
15709441,Female,30,44000,0
15710257,Female,34,25000,0
15582492,Male,41,123000,1
15575694,Male,40,73000,0
15756820,Female,30,37000,0
15766289,Male,38,88000,0
15593014,Male,42,59000,0
15584545,Female,42,86000,0
15675949,Female,41,149000,1
15672091,Female,31,21000,0
15801658,Male,33,72000,0
15706185,Female,41,35000,0
15789863,Male,23,89000,0
15720943,Male,45,86000,0
15697997,Female,21,80000,0
15665416,Female,22,71000,0
15660200,Female,39,71000,0
15619653,Male,41,61000,0
15773447,Male,34,55000,0
15739160,Male,17,80000,0
15689237,Male,37,57000,0
15679297,Male,17,75000,0
15591433,Male,37,52000,0
15642725,Male,30,59000,0
15701962,Male,27,59000,0
15811613,Female,43,75000,0
15741049,Male,43,72000,0
15724423,Female,25,75000,0
15574305,Male,45,53000,0
15678168,Female,37,51000,0
15697020,Female,23,61000,0
15610801,Male,25,65000,0
15745232,Male,41,32000,0
15722758,Male,36,17000,0
15792102,Female,43,84000,0
15675185,Male,25,58000,0
15801247,Male,25,31000,0
15725660,Male,17,87000,0
15638963,Female,30,68000,0
15800061,Female,36,55000,0
15578006,Male,25,63000,0
15668504,Female,21,82000,0
15687491,Male,46,107000,1
15610403,Female,26,59000,0
15741094,Male,31,25000,0
15807909,Male,28,85000,0
15666141,Female,28,68000,0
15617134,Male,27,59000,0
15783029,Male,29,89000,0
15622833,Female,32,25000,0
15746422,Female,19,89000,0
15750839,Female,44,96000,1
15749130,Female,36,30000,0
15779862,Male,27,61000,0
15767871,Male,18,74000,0
15679651,Female,28,15000,0
15576219,Male,30,45000,0
15699247,Male,42,76000,0
15619087,Female,18,50000,0
15605327,Male,31,47000,0
15610140,Female,23,15000,0
15791174,Male,30,59000,0
15602373,Male,36,75000,0
15762605,Male,27,30000,0
15598840,Female,56,135000,1
15744279,Male,55,100000,1
15670619,Male,21,90000,0
15599533,Female,27,33000,0
15757837,Male,21,38000,0
15697574,Female,44,69000,0
15578738,Female,38,86000,0
15762228,Female,41,55000,0
15614827,Female,30,71000,0
15789815,Male,54,148000,1
15579781,Female,23,47000,0
15587013,Male,23,88000,0
15570932,Male,42,115000,0
15794661,Female,28,118000,0
15581654,Female,29,43000,0
15644296,Female,34,72000,0
15614420,Female,44,28000,0
15609653,Female,42,47000,0
15594577,Male,34,22000,0
15584114,Male,24,23000,0
15673367,Female,31,34000,0
15685576,Male,39,16000,0
15774727,Female,27,71000,0
15694288,Female,50,117000,1
15603319,Male,30,43000,0
15759066,Female,40,60000,0
15814816,Male,21,66000,0
15724402,Female,18,82000,0
15571059,Female,34,41000,0
15674206,Male,20,72000,0
15715160,Male,20,32000,0
15730448,Male,36,84000,0
15662067,Female,45,26000,0
15779581,Male,23,43000,0
15662901,Male,38,70000,0
15689751,Male,30,89000,0
15667742,Male,24,43000,0
15738448,Female,23,79000,0
15680243,Female,32,36000,0
15745083,Male,27,80000,0
15708228,Male,36,22000,0
15628523,Male,35,39000,0
15708196,Male,38,74000,0
15735549,Female,38,134000,1
15809347,Female,30,71000,0
15660866,Female,44,101000,1
15766609,Female,45,47000,0
15654230,Female,55,130000,1
15794566,Female,37,114000,0
15800890,Female,55,142000,1
15697424,Female,22,22000,0
15724536,Female,40,96000,1
15735878,Male,54,150000,1
15707596,Female,40,42000,0
15657163,Male,37,58000,0
15622478,Male,36,43000,0
15779529,Female,54,108000,1
15636023,Male,23,65000,0
15582066,Male,23,78000,0
15666675,Female,20,96000,0
15732987,Male,38,143000,1
15789432,Female,45,80000,0
15663161,Male,47,91000,1
15694879,Male,52,144000,1
15593715,Male,55,102000,1
15575002,Female,20,60000,0
15622171,Male,27,53000,0
15795224,Female,45,126000,1
15685346,Male,55,133000,1
15691808,Female,25,72000,0
15721007,Female,39,80000,1
15794253,Female,60,147000,1
15694453,Male,26,42000,0
15813113,Male,53,107000,1
15614187,Male,43,86000,1
15619407,Female,43,112000,0
15646227,Male,38,79000,1
15660541,Male,25,57000,0
15753874,Female,44,80000,0
15617877,Female,44,82000,0
15772073,Female,41,143000,1
15701537,Male,53,149000,1
15736228,Male,28,59000,0
15780572,Female,52,88000,1
15769596,Female,38,104000,1
15586996,Female,31,72000,0
15722061,Female,43,146000,1
15638003,Female,30,50000,0
15775590,Female,49,122000,1
15730688,Male,29,52000,0
15753102,Female,46,97000,1
15810075,Female,36,39000,0
15723373,Male,26,52000,0
15795298,Female,55,134000,1
15584320,Female,46,146000,1
15724161,Female,42,44000,0
15750056,Female,49,90000,1
15609637,Female,34,72000,0
15794493,Male,19,57000,0
15569641,Female,40,95000,1
15815236,Female,46,131000,1
15811177,Female,23,77000,0
15680587,Male,43,144000,1
15672821,Female,47,125000,1
15767681,Female,43,72000,0
15600379,Male,49,90000,1
15801336,Female,59,108000,1
15721592,Male,24,75000,0
15581282,Male,38,74000,0
15746203,Female,47,144000,1
15583137,Male,35,61000,0
15680752,Female,26,133000,0
15688172,Female,43,76000,1
15791373,Male,45,42000,1
15589449,Male,44,106000,1
15692819,Female,42,26000,1
15727467,Male,43,74000,1
15734312,Male,17,71000,0
15764604,Male,42,88000,1
15613014,Female,42,38000,1
15759684,Female,38,36000,1
15609669,Female,39,88000,1
15685536,Male,24,61000,0
15750447,Male,44,70000,1
15663249,Female,45,21000,1
15638646,Male,33,141000,0
15734161,Female,59,93000,1
15631070,Female,36,62000,0
15761950,Female,51,138000,1
15649668,Male,28,79000,0
15713912,Female,58,78000,1
15586757,Male,47,134000,1
15596522,Male,47,89000,1
15625395,Male,41,39000,1
15760570,Male,35,77000,0
15566689,Female,42,57000,0
15725794,Female,23,63000,0
15673539,Male,48,73000,1
15705298,Female,54,112000,1
15675791,Male,25,79000,0
15747043,Male,55,117000,1
15736397,Female,58,38000,1
15678201,Male,38,74000,1
15720745,Female,52,137000,1
15637593,Male,42,79000,1
15598070,Female,17,60000,0
15787550,Male,43,54000,0
15603942,Female,38,134000,0
15733973,Female,57,113000,1
15596761,Male,38,125000,1
15652400,Female,26,50000,0
15717893,Female,28,70000,0
15622585,Male,44,96000,1
15733964,Female,25,50000,0
15753861,Female,43,141000,1
15747097,Female,43,79000,0
15594762,Female,46,75000,1
15667417,Female,50,104000,1
15684861,Male,17,55000,0
15742204,Male,60,32000,1
15623502,Male,40,60000,0
15774872,Female,46,138000,1
15611191,Female,45,82000,1
15674331,Male,43,52000,0
15619465,Female,42,30000,1
15575247,Female,55,131000,1
15695679,Female,31,60000,0
15713463,Male,25,72000,0
15785170,Female,18,75000,0
15796351,Male,49,118000,1
15639576,Female,43,107000,1
15693264,Male,42,51000,0
15589715,Female,45,119000,1
15769902,Male,37,65000,0
15587177,Male,35,65000,0
15814553,Male,58,60000,1
15601550,Female,32,54000,0
15664907,Male,52,144000,1
15612465,Male,24,79000,0
15810800,Female,35,55000,0
15665760,Male,50,122000,1
15588080,Female,52,104000,1
15776844,Male,44,75000,0
15717560,Female,27,65000,0
15629739,Female,59,51000,1
15729908,Male,48,105000,1
15716781,Female,17,63000,0
15646936,Male,53,72000,1
15768151,Female,49,108000,1
15579212,Male,22,77000,0
15721835,Male,17,61000,0
15800515,Female,44,113000,1
15591279,Male,26,75000,0
15587419,Female,56,90000,1
15750335,Female,40,57000,0
15699619,Male,51,99000,1
15606472,Male,47,34000,1
15778368,Male,51,70000,1
15671387,Female,44,72000,0
15573926,Male,44,71000,1
15709183,Male,26,54000,0
15577514,Male,47,129000,1
15778830,Female,49,34000,1
15768072,Female,55,50000,1
15768293,Female,18,79000,0
15654456,Male,46,104000,1
15807525,Female,51,29000,1
15574372,Female,55,47000,1
15671249,Male,47,88000,1
15779744,Male,22,71000,0
15624755,Female,59,26000,1
15611430,Female,42,46000,1
15774744,Male,53,83000,1
15629885,Female,34,73000,0
15708791,Male,60,130000,1
15793890,Female,37,80000,0
15646091,Female,40,32000,1
15596984,Female,40,74000,0
15800215,Female,26,53000,0
15577806,Male,39,87000,1
15749381,Female,43,23000,1
15683758,Male,21,64000,0
15670615,Male,44,33000,1
15715622,Female,44,139000,1
15707634,Male,57,28000,1
15806901,Female,58,33000,1
15775335,Male,41,60000,1
15724150,Female,59,39000,1
15627220,Male,42,71000,0
15672330,Male,41,34000,1
15668521,Female,41,35000,1
15807837,Male,56,33000,1
15592570,Male,50,23000,1
15748589,Female,51,45000,1
15635893,Male,43,42000,1
15757632,Female,26,59000,0
15691863,Female,43,41000,1
15706071,Male,52,23000,1
15654296,Female,41,20000,1
15755018,Male,20,33000,0
15594041,Female,39,36000,1
